{"Fid":"ePOP7wj6R0GHnN-_8cjmFj","Status":3,"AuthToken":"eyJhbGciOiJFUzI1NiIsInR5cCI6IkpXVCJ9.eyJhcHBJZCI6IjE6OTAxNDU4MTM3MjM3OmFuZHJvaWQ6ZjU2OTlmMTg0MjhiNzBkY2ZjY2I5YyIsImV4cCI6MTc0NzU4NTQ2MCwiZmlkIjoiZVBPUDd3ajZSMEdIbk4tXzhjam1GaiIsInByb2plY3ROdW1iZXIiOjkwMTQ1ODEzNzIzN30.AB2LPV8wRQIhAOQpg8vCJ3kjFT7IpTRBzbP3DmYLmeIIpmNjnq5ivfMiAiAlP_qg8HQoa8MFY_0LcwJF61UY8DEjW8Vm1JOL47Yl6g","RefreshToken":"3_AS3qfwL3gdf2X9uJN36r4Ld_k421Ax1PAHJbo4DDBJR3CkaPPw18gxt0TlZ73z5Jpdf-I2Q61yhlkzkmdQD0OSt9aLbbOW_HNacFtt_tOw-sbA","TokenCreationEpochInSecs":1746980660,"ExpiresInSecs":604800}